Top pages,Clicks,Impressions,CTR,Position
https://www.productivetoolbox.com/tools/land/plot-division-calculator,114,1446,7.88%,5.81
https://www.productivetoolbox.com/tools/architecture/escalation-cost-calculator,55,1076,5.11%,9.07
https://www.productivetoolbox.com/tools/architecture/parking-space-calculator,35,3609,0.97%,9.24
https://www.productivetoolbox.com/tools/architecture/shadow-length-calculator,25,3136,0.8%,6.64
https://www.productivetoolbox.com/tools/land/subdivision-cost-calculator,22,2088,1.05%,8.42
https://www.productivetoolbox.com/tools/security/wifi-password-generator,20,1231,1.62%,18.09
https://www.productivetoolbox.com/tools/design/hsl-color-slider,18,880,2.05%,10.77
https://www.productivetoolbox.com/tools/land/decimal-land-calculator,16,4917,0.33%,9.04
https://www.productivetoolbox.com/tools/electrical/electric-motor-power-calculator,15,3288,0.46%,15.68
https://www.productivetoolbox.com/tools/computer-science/f1-score-calculator,11,544,2.02%,14.16
https://productivetoolbox.com/tools/writing/text-to-clipboard,9,119,7.56%,8.12
https://www.productivetoolbox.com/tools/architecture/soil-compaction-calculator,9,106,8.49%,9.95
https://www.productivetoolbox.com/tools/land/land-price-calculator,8,2060,0.39%,9.68
https://www.productivetoolbox.com/tools/electrical/ups-load-calculator,8,926,0.86%,21.01
https://www.productivetoolbox.com/tools/writing/paragraph-formatter,8,289,2.77%,10.97
https://www.productivetoolbox.com/tools/electrical/air-conditioner-power-calculator,7,2301,0.3%,9.59
https://www.productivetoolbox.com/tools/land/boundary-length-calculator,7,338,2.07%,7.79
https://www.productivetoolbox.com/tools/electrical/smps-calculator,7,195,3.59%,9.58
https://www.productivetoolbox.com/tools/architecture/insulation-thickness-calculator,7,57,12.28%,11.96
https://www.productivetoolbox.com/tools/architecture/acoustic-soundproofing-calculator,7,37,18.92%,7.08
https://www.productivetoolbox.com/tools/computer-science/bandwidth-calculator,6,1750,0.34%,40.14
https://www.productivetoolbox.com/tools/architecture/sunlight-exposure-calculator,6,123,4.88%,8.28
https://www.productivetoolbox.com/tools/land/map-scale-calculator,5,1156,0.43%,14.89
https://www.productivetoolbox.com/tools/electrical/rf-power-calculator,5,486,1.03%,15.94
https://productivetoolbox.com/tools/writing/paragraph-formatter,5,201,2.49%,8.93
https://www.productivetoolbox.com/tools/electrical/fan-power-consumption-calculator,4,705,0.57%,14.84
https://www.productivetoolbox.com/tools/land/rainwater-runoff-calculator,4,542,0.74%,15.59
https://www.productivetoolbox.com/tools/electrical/clock-frequency-calculator,4,519,0.77%,16.92
https://www.productivetoolbox.com/tools/electrical/amplifier-gain-calculator,4,416,0.96%,12.45
https://www.productivetoolbox.com/tools/land/wall-boundary-cost-calculator,4,380,1.05%,9.39
https://www.productivetoolbox.com/tools/electrical/relay-calculator,4,340,1.18%,10.83
https://www.productivetoolbox.com/tools/architecture/glass-panel-size-calculator,4,271,1.48%,12.61
https://www.productivetoolbox.com/tools/architecture/curtain-wall-calculator,4,210,1.9%,7.18
https://www.productivetoolbox.com/tools/writing/text-to-clipboard,4,112,3.57%,24.29
https://www.productivetoolbox.com/tools/electrical/inductor-calculator,4,97,4.12%,15.76
https://www.productivetoolbox.com/tools/architecture/fire-safety-load-calculator,4,87,4.6%,8.76
https://www.productivetoolbox.com/tools/architecture/structural-load-calculator,4,76,5.26%,16.8
https://www.productivetoolbox.com/tools/land/land-area-calculator-square-meter,3,794,0.38%,12.01
https://www.productivetoolbox.com/tools/land/land-valuation-calculator,3,742,0.4%,24.96
https://www.productivetoolbox.com/tools/architecture/door-area-calculator,3,502,0.6%,8.18
https://www.productivetoolbox.com/tools/electrical/circuit-breaker-calculator,3,475,0.63%,44.64
https://www.productivetoolbox.com/tools/land/earth-filling-calculator,3,313,0.96%,18.96
https://www.productivetoolbox.com/tools/architecture/cladding-material-calculator,3,282,1.06%,11.76
https://www.productivetoolbox.com/tools/security/username-generator,3,233,1.29%,17.47
https://www.productivetoolbox.com/tools/computer-science/dataset-split-calculator,3,200,1.5%,13.12
https://www.productivetoolbox.com/,3,172,1.74%,11.15
https://www.productivetoolbox.com/tools/electrical/transformer-efficiency-calculator,3,97,3.09%,13.95
https://www.productivetoolbox.com/tools/architecture/emergency-exit-width-calculator,3,72,4.17%,25.51
https://www.productivetoolbox.com/tools/architecture/workforce-requirement-calculator,3,39,7.69%,13
https://www.productivetoolbox.com/tools/land/excavation-cost-calculator,2,1222,0.16%,29.13
https://www.productivetoolbox.com/tools/security/password-strength-meter,2,1116,0.18%,23.18
https://www.productivetoolbox.com/tools/electrical/data-rate-calculator,2,971,0.21%,41.2
https://www.productivetoolbox.com/tools/electrical/lightning-protection-calculator,2,957,0.21%,46.96
https://www.productivetoolbox.com/tools/electrical/generator-size-calculator,2,739,0.27%,35.03
https://www.productivetoolbox.com/tools/computer-science/file-size-converter,2,545,0.37%,16.64
https://www.productivetoolbox.com/tools/writing/word-frequency-counter,2,445,0.45%,12.89
https://www.productivetoolbox.com/tools/land/land-development-cost-calculator,2,405,0.49%,25.27
https://www.productivetoolbox.com/tools/electrical/antenna-length-calculator,2,367,0.54%,25.74
https://www.productivetoolbox.com/tools/land/triangle-land-area-calculator,2,345,0.58%,18.23
https://www.productivetoolbox.com/tools/land/soil-compaction-ratio-calculator,2,326,0.61%,19.85
https://www.productivetoolbox.com/tools/electrical/impedance-calculator,2,173,1.16%,17.27
https://www.productivetoolbox.com/tools/security/hash-generator,2,164,1.22%,20.03
https://www.productivetoolbox.com/tools/computer-science/time-complexity-calculator,2,162,1.23%,31.51
https://www.productivetoolbox.com/tools/electrical/cable-length-calculator,2,155,1.29%,36.71
https://www.productivetoolbox.com/tools/design/hex-to-rgb-converter,2,127,1.57%,21.35
https://www.productivetoolbox.com/tools/electrical/signal-attenuation-calculator,2,107,1.87%,13.24
https://www.productivetoolbox.com/tools/electrical/battery-backup-time-calculator,2,103,1.94%,30.13
https://www.productivetoolbox.com/tools/design/css-cursor-style-previewer,2,97,2.06%,16.41
https://www.productivetoolbox.com/tools/computer-science/confusion-matrix-calculator,2,77,2.6%,29.95
https://productivetoolbox.com/,2,67,2.99%,22.94
https://www.productivetoolbox.com/tools/architecture/lighting-load-calculator,2,62,3.23%,8.73
https://www.productivetoolbox.com/tools/architecture/room-acoustics-calculator,2,53,3.77%,14.3
https://www.productivetoolbox.com/tools/design/random-hex-color-generator,2,51,3.92%,12.29
https://www.productivetoolbox.com/tools/architecture/soil-bearing-capacity-calculator,2,46,4.35%,7.5
https://www.productivetoolbox.com/tools/architecture/labor-cost-calculator,2,45,4.44%,21.53
https://www.productivetoolbox.com/tools/architecture/column-load-calculator,2,16,12.5%,14.75
https://www.productivetoolbox.com/tools/land/hectare-to-acre-converter,1,3680,0.03%,30.4
https://www.productivetoolbox.com/tools/design/glassmorphism-layer-tester,1,889,0.11%,28.15
https://www.productivetoolbox.com/tools/math/prime-number-checker,1,602,0.17%,13.54
https://www.productivetoolbox.com/tools/architecture/water-tank-capacity-calculator,1,468,0.21%,12.01
https://www.productivetoolbox.com/tools/electrical/adc-resolution-calculator,1,457,0.22%,15.9
https://www.productivetoolbox.com/tools/land/fence-material-calculator,1,444,0.23%,36.73
https://www.productivetoolbox.com/tools/electrical/battery-charging-time-calculator,1,380,0.26%,12.01
https://www.productivetoolbox.com/tools/electrical/voltage-drop-calculator,1,375,0.27%,59.5
https://www.productivetoolbox.com/tools/land/soil-volume-calculator,1,356,0.28%,30.94
https://www.productivetoolbox.com/tools/security/text-encrypt-decrypt,1,330,0.3%,13.3
https://www.productivetoolbox.com/tools/architecture/septic-tank-size-calculator,1,255,0.39%,7.43
https://www.productivetoolbox.com/tools/electrical/earthing-resistance-calculator,1,255,0.39%,27.07
https://www.productivetoolbox.com/tools/land/survey-area-calculator,1,237,0.42%,46.3
https://www.productivetoolbox.com/tools/design/css-mesh-gradient-generator,1,234,0.43%,31.39
https://www.productivetoolbox.com/tools/land/trapezoid-land-calculator,1,208,0.48%,14.12
https://www.productivetoolbox.com/tools/electrical/short-circuit-current-calculator,1,196,0.51%,69.83
https://www.productivetoolbox.com/tools/design/css-glassmorphism-generator,1,187,0.53%,23.45
https://www.productivetoolbox.com/tools/electrical/capacitor-charge-time-calculator,1,180,0.56%,14.13
https://www.productivetoolbox.com/tools/design/color-palette-generator,1,177,0.56%,22.09
https://www.productivetoolbox.com/tools/visualization/timeline-creator,1,167,0.6%,72.37
https://www.productivetoolbox.com/tools/architecture/plot-area-calculator,1,163,0.61%,11.09
https://www.productivetoolbox.com/tools/calculator/aspect-ratio-calculator,1,155,0.65%,12.68
https://www.productivetoolbox.com/tools/electrical/fuse-rating-calculator,1,150,0.67%,16.57
https://www.productivetoolbox.com/tools/computer-science/ai-token-cost-calculator,1,148,0.68%,18.28
https://www.productivetoolbox.com/tools/electrical/electric-bill-calculator,1,145,0.69%,12.12
https://www.productivetoolbox.com/tools/electrical/decibel-db-calculator,1,130,0.77%,35.57
https://www.productivetoolbox.com/tools/electrical/frequency-calculator,1,127,0.79%,21.7
https://www.productivetoolbox.com/tools/architecture/concrete-mix-ratio-calculator,1,123,0.81%,19.69
https://www.productivetoolbox.com/tools/computer-science/ai-prompt-length-calculator,1,114,0.88%,10.84
https://www.productivetoolbox.com/tools/electrical/reactive-power-calculator,1,114,0.88%,12.41
https://www.productivetoolbox.com/tools/electrical/rlc-resonance-calculator,1,111,0.9%,16.81
https://productivetoolbox.com/tools/architecture/sand-calculator,1,109,0.92%,9.2
https://www.productivetoolbox.com/tools/computer-science/checksum-calculator,1,106,0.94%,48.56
https://www.productivetoolbox.com/tools/electrical/parallel-resistor-calculator,1,93,1.08%,28.8
https://www.productivetoolbox.com/tools/architecture/project-timeline-calculator,1,90,1.11%,8.53
https://www.productivetoolbox.com/tools/electrical/heat-dissipation-calculator,1,88,1.14%,66.84
https://www.productivetoolbox.com/tools/electrical/logic-gate-calculator,1,84,1.19%,22.56
https://www.productivetoolbox.com/tools/electrical/power-density-calculator,1,84,1.19%,64.06
https://productivetoolbox.com/tools/architecture/window-area-calculator,1,79,1.27%,7.01
https://www.productivetoolbox.com/tools/architecture/footing-size-calculator,1,75,1.33%,10.88
https://www.productivetoolbox.com/tools/computer-science/precision-recall-calculator,1,70,1.43%,46.93
https://www.productivetoolbox.com/tools/electrical/capacitor-calculator,1,69,1.45%,24.1
https://www.productivetoolbox.com/tools/architecture/window-area-calculator,1,65,1.54%,7.08
https://www.productivetoolbox.com/tools/architecture/energy-efficiency-calculator-building,1,54,1.85%,20.22
https://www.productivetoolbox.com/tools/architecture/furniture-layout-calculator,1,45,2.22%,11.91
https://www.productivetoolbox.com/tools/electrical/heatsink-calculator,1,40,2.5%,61.1
https://www.productivetoolbox.com/tools/architecture/slope-stability-calculator,1,37,2.7%,8.32
https://www.productivetoolbox.com/tools/architecture/ventilation-calculator,1,34,2.94%,29.09
https://www.productivetoolbox.com/tools/architecture/sand-calculator,1,30,3.33%,11.73
https://www.productivetoolbox.com/tools,1,25,4%,8.72
https://www.productivetoolbox.com/tools/architecture/drainage-flow-calculator,1,23,4.35%,9.48
https://www.productivetoolbox.com/tools/electrical/op-amp-calculator,1,23,4.35%,21.61
https://www.productivetoolbox.com/tools/architecture/steel-quantity-calculator,1,14,7.14%,18.07
https://www.productivetoolbox.com/tools/architecture/sustainability-index-calculator,1,14,7.14%,22.64
https://www.productivetoolbox.com/tools/architecture/3d-volume-calculator-architecture,1,12,8.33%,11.17
https://www.productivetoolbox.com/tools/land,1,3,33.33%,19.33
https://www.productivetoolbox.com/tools/writing/keyword-density-checker,0,11901,0%,32.01
https://www.productivetoolbox.com/tools/writing/word-counter,0,7892,0%,35.23
https://www.productivetoolbox.com/tools/electrical/wire-size-calculator,0,2593,0%,45.27
https://www.productivetoolbox.com/tools/land/acre-to-hectare-converter,0,2424,0%,27.74
https://www.productivetoolbox.com/tools/computer-science/cloud-cost-calculator,0,1934,0%,70.21
https://www.productivetoolbox.com/tools/land/acre-to-square-feet-converter,0,1373,0%,33.08
https://www.productivetoolbox.com/tools/calculator/fuel-cost-calculator,0,1128,0%,17.52
https://www.productivetoolbox.com/tools/land/square-feet-to-acre-converter,0,1068,0%,39.38
https://www.productivetoolbox.com/tools/calculator/matrix-calculator,0,1063,0%,39.9
https://www.productivetoolbox.com/tools/land/price-per-square-feet-calculator,0,970,0%,10.69
https://www.productivetoolbox.com/tools/electrical/solar-panel-calculator,0,703,0%,62.31
https://www.productivetoolbox.com/tools/calculator/discount-calculator,0,627,0%,15.96
https://www.productivetoolbox.com/tools/architecture/room-volume-calculator,0,560,0%,9.13
https://www.productivetoolbox.com/tools/calculator/bmi-calculator,0,547,0%,62.85
https://www.productivetoolbox.com/tools/electrical/ups-backup-calculator,0,527,0%,48.49
https://www.productivetoolbox.com/tools/computer-science/data-transfer-calculator?size=100&unit=GB&speed=100&speedUnit=Mbps,0,518,0%,38.54
https://www.productivetoolbox.com/tools/design/css-box-shadow-generator,0,515,0%,12.1
https://www.productivetoolbox.com/tools/land/rental-yield-calculator,0,502,0%,80.58
https://www.productivetoolbox.com/tools/computer-science/latency-calculator,0,472,0%,30.79
https://www.productivetoolbox.com/tools/land/katha-land-calculator,0,435,0%,8.87
https://www.productivetoolbox.com/tools/electrical/capacitive-reactance-calculator,0,431,0%,8.21
https://www.productivetoolbox.com/tools/writing/text-reverser,0,350,0%,8.77
https://www.productivetoolbox.com/tools/calculator/average-calculator,0,313,0%,10.84
https://www.productivetoolbox.com/tools/electrical/electrical-efficiency-calculator,0,312,0%,28.24
https://www.productivetoolbox.com/tools/land/bigha-land-calculator,0,302,0%,12.73
https://www.productivetoolbox.com/tools/land/roi-real-estate-calculator,0,300,0%,54.06
https://www.productivetoolbox.com/tools/electrical/transformer-turns-ratio-calculator,0,269,0%,62.71
https://www.productivetoolbox.com/tools/electrical/arc-flash-calculator,0,252,0%,62.11
https://www.productivetoolbox.com/tools/electrical/motor-efficiency-calculator,0,244,0%,31.12
https://www.productivetoolbox.com/tools/architecture/room-area-calculator,0,218,0%,11.61
https://www.productivetoolbox.com/tools/electrical/solar-battery-calculator,0,215,0%,61.93
https://www.productivetoolbox.com/tools/electrical/motor-speed-calculator,0,212,0%,25.42
https://www.productivetoolbox.com/tools/writing/upside-down-text-generator,0,206,0%,8.06
https://www.productivetoolbox.com/tools/computer-science/cidr-calculator,0,195,0%,59.51
https://www.productivetoolbox.com/tools/electrical/inductive-reactance-calculator,0,182,0%,10.36
https://www.productivetoolbox.com/tools/land/home-loan-emi-calculator,0,175,0%,68.57
https://www.productivetoolbox.com/tools/architecture/skirting-material-calculator,0,172,0%,8.3
https://www.productivetoolbox.com/tools/writing/sentence-case-converter,0,171,0%,21.29
https://www.productivetoolbox.com/tools/electrical/room-lighting-calculator,0,171,0%,55.91
https://www.productivetoolbox.com/tools/calculator/exponent-calculator,0,167,0%,21.43
https://www.productivetoolbox.com/tools/computer-science/subnet-calculator,0,161,0%,59.37
https://www.productivetoolbox.com/tools/electrical/rc-time-constant-calculator,0,160,0%,33.36
https://www.productivetoolbox.com/tools/calculator/gst-vat-calculator,0,148,0%,27.47
https://www.productivetoolbox.com/tools/electrical/solar-inverter-calculator,0,147,0%,38.5
https://www.productivetoolbox.com/tools/electrical/rl-time-constant-calculator,0,146,0%,15.25
https://www.productivetoolbox.com/tools/electrical/energy-consumption-calculator,0,125,0%,25.06
https://www.productivetoolbox.com/tools/electrical/series-resistor-calculator,0,121,0%,11
https://www.productivetoolbox.com/tools/architecture/roof-area-calculator,0,120,0%,10.59
https://www.productivetoolbox.com/tools/electrical/ground-fault-current-calculator,0,117,0%,68.7
https://www.productivetoolbox.com/tools/electrical/house-wiring-load-calculator,0,113,0%,44.35
https://www.productivetoolbox.com/tools/land/down-payment-calculator,0,109,0%,49.4
https://www.productivetoolbox.com/tools/electrical/power-loss-calculator,0,106,0%,37.21
https://www.productivetoolbox.com/tools/electrical/phase-angle-calculator,0,104,0%,10.61
https://www.productivetoolbox.com/tools/land/fertilizer-requirement-calculator,0,99,0%,21.86
https://www.productivetoolbox.com/tools/security/password-generator,0,97,0%,32.85
https://www.productivetoolbox.com/tools/architecture/floor-area-calculator,0,93,0%,10.17
https://www.productivetoolbox.com/tools/land/drainage-system-calculator,0,90,0%,27.93
https://www.productivetoolbox.com/tools/architecture/slab-load-calculator,0,89,0%,11.34
https://www.productivetoolbox.com/tools/electrical/transformer-current-calculator,0,88,0%,15.65
https://www.productivetoolbox.com/tools/electrical/dac-output-calculator,0,86,0%,16.26
https://www.productivetoolbox.com/tools/electrical/led-resistor-calculator,0,85,0%,49.06
https://www.productivetoolbox.com/tools/calculator,0,84,0%,41.89
https://www.productivetoolbox.com/tools/electrical/transistor-bias-calculator,0,83,0%,10.59
https://www.productivetoolbox.com/tools/electrical/pwm-duty-cycle-calculator,0,82,0%,43.12
https://www.productivetoolbox.com/tools/architecture/excavation-volume-calculator,0,81,0%,17.52
https://www.productivetoolbox.com/tools/architecture,0,81,0%,38.42
https://www.productivetoolbox.com/tools/electrical/current-divider-calculator,0,81,0%,41.74
https://www.productivetoolbox.com/tools/architecture/building-height-calculator,0,79,0%,10.59
https://www.productivetoolbox.com/tools/computer-science/combinatorics-calculator,0,79,0%,44.51
https://www.productivetoolbox.com/tools/architecture/material-cost-calculator,0,70,0%,9.8
https://www.productivetoolbox.com/tools/electrical/slip-calculator,0,68,0%,16.01
https://www.productivetoolbox.com/tools/calculator/date-difference-calculator,0,61,0%,8.87
https://www.productivetoolbox.com/tools/design/contrast-checker,0,60,0%,65.55
https://www.productivetoolbox.com/tools/electrical/real-power-calculator,0,57,0%,9.61
https://www.productivetoolbox.com/tools/electrical/frequency-response-calculator,0,52,0%,28.79
https://www.productivetoolbox.com/tools/architecture/rainwater-harvesting-calculator,0,48,0%,8.52
https://www.productivetoolbox.com/tools/electrical/wavelength-calculator,0,48,0%,43.88
https://www.productivetoolbox.com/tools/electrical/three-phase-power-calculator,0,47,0%,31.3
https://www.productivetoolbox.com/tools/electrical/voltage-regulation-calculator,0,43,0%,42.72
https://www.productivetoolbox.com/tools/electrical/voltage-divider-calculator,0,42,0%,28.1
https://www.productivetoolbox.com/tools/visualization/mind-map-builder,0,42,0%,81.38
https://www.productivetoolbox.com/tools/calculator/ideal-weight-calculator,0,39,0%,9.69
https://productivetoolbox.com/tools/computer-science/cidr-calculator,0,39,0%,61.74
https://www.productivetoolbox.com/tools/writing/random-name-picker,0,38,0%,10
https://www.productivetoolbox.com/tools/architecture/brick-calculator,0,36,0%,9.72
https://www.productivetoolbox.com/tools/electrical/zener-diode-calculator,0,36,0%,13.28
https://www.productivetoolbox.com/tools/electrical/power-factor-calculator,0,36,0%,39.78
https://www.productivetoolbox.com/tools/architecture/elevation-design-calculator,0,34,0%,8.06
https://www.productivetoolbox.com/tools/calculator/square-meter-to-square-foot-converter,0,32,0%,36.91
https://www.productivetoolbox.com/tools/data-analytics,0,31,0%,52.68
https://www.productivetoolbox.com/tools/architecture/tile-quantity-calculator,0,30,0%,14.33
https://www.productivetoolbox.com/tools/design/gradient-text-generator,0,30,0%,28.5
https://www.productivetoolbox.com/tools/electrical/battery-capacity-calculator,0,30,0%,37.5
https://productivetoolbox.com/tools/architecture/glass-panel-size-calculator,0,29,0%,11.34
https://www.productivetoolbox.com/tools/design,0,29,0%,33.66
https://www.productivetoolbox.com/tools/architecture/plumbing-pipe-size-calculator,0,28,0%,11.89
https://www.productivetoolbox.com/tools/visualization/pie-chart-maker,0,27,0%,82.93
https://www.productivetoolbox.com/tools/architecture/interior-space-optimization-calculator,0,26,0%,10.5
https://www.productivetoolbox.com/tools/visualization/word-cloud-generator,0,26,0%,56.85
https://www.productivetoolbox.com/about,0,25,0%,3.12
https://www.productivetoolbox.com/tools/land/mortgage-loan-calculator,0,24,0%,64.04
https://www.productivetoolbox.com/tools/architecture/facade-area-calculator,0,23,0%,5.78
https://www.productivetoolbox.com/tools/electrical/power-calculator-electrical,0,23,0%,38.39
https://productivetoolbox.com/tools/architecture/insulation-thickness-calculator,0,23,0%,45.83
https://www.productivetoolbox.com/tools/writing/palindrome-checker,0,21,0%,8.95
https://www.productivetoolbox.com/contact,0,21,0%,20.71
https://www.productivetoolbox.com/tools/writing/leetspeak-converter,0,20,0%,9.4
https://www.productivetoolbox.com/tools/design/neumorphism-generator,0,20,0%,17.45
https://www.productivetoolbox.com/tools/architecture/air-change-rate-calculator,0,19,0%,14.74
https://www.productivetoolbox.com/tools/architecture/electrical-load-calculator-building,0,19,0%,23.84
https://www.productivetoolbox.com/tools/architecture/wall-area-calculator,0,18,0%,10.83
https://productivetoolbox.com/tools/land,0,18,0%,30.94
https://www.productivetoolbox.com/tools/writing/reading-time-calculator,0,17,0%,7.59
https://www.productivetoolbox.com/tools/electrical,0,17,0%,35.53
https://www.productivetoolbox.com/tools/math/random-number-generator,0,17,0%,66
https://www.productivetoolbox.com/tools/calculator/unit-ratio-calculator,0,16,0%,10.12
https://www.productivetoolbox.com/tools/developer,0,15,0%,14.33
https://www.productivetoolbox.com/tools/writing/anagram-finder,0,14,0%,7.36
https://www.productivetoolbox.com/tools/security,0,14,0%,16
https://www.productivetoolbox.com/tools/writing/whitespace-remover,0,14,0%,21.57
https://www.productivetoolbox.com/tools/electrical/apparent-power-calculator,0,13,0%,11.08
https://www.productivetoolbox.com/privacy,0,12,0%,9
https://www.productivetoolbox.com/tools/architecture/rebar-spacing-calculator,0,12,0%,14.25
https://www.productivetoolbox.com/tools/computer-science,0,12,0%,19.75
https://productivetoolbox.com/tools/mechanical,0,12,0%,46.42
https://www.productivetoolbox.com/tools/architecture/construction-cost-estimator,0,12,0%,51.17
https://www.productivetoolbox.com/tools/design/color-palette-contrast-grid,0,11,0%,6.27
https://www.productivetoolbox.com/tools/design/pattern-noise-generator,0,11,0%,8
https://www.productivetoolbox.com/tools/image/image-to-grayscale,0,11,0%,39.64
https://www.productivetoolbox.com/tools/architecture/rebar-weight-calculator,0,10,0%,20.3
https://www.productivetoolbox.com/tools/architecture/paint-required-calculator,0,10,0%,22.3
https://www.productivetoolbox.com/tools/architecture/heat-loss-calculator-building,0,10,0%,62.1
https://www.productivetoolbox.com/tools/visualization/flowchart-logic-mapper,0,10,0%,75.3
https://www.productivetoolbox.com/tools/design/css-filter-tester,0,9,0%,8.78
https://www.productivetoolbox.com/tools/computer-science/cidr-calculator?ip=192.168.1.1&cidr=24,0,9,0%,14.11
https://www.productivetoolbox.com/tools/calculator/meter-to-km-converter,0,9,0%,14.78
https://www.productivetoolbox.com/tools/design/svg-path-visualizer,0,9,0%,14.78
https://www.productivetoolbox.com/tools/computer-science/model-accuracy-calculator,0,9,0%,55.33
https://www.productivetoolbox.com/tools/architecture/carbon-footprint-calculator-construction,0,8,0%,36.88
https://productivetoolbox.com/tools/architecture/retaining-wall-calculator,0,8,0%,53.62
https://www.productivetoolbox.com/tools/electrical/resistor-color-code-calculator,0,8,0%,63.12
https://www.productivetoolbox.com/tools/design/hex-to-rgba-converter,0,7,0%,7.57
https://www.productivetoolbox.com/tools/architecture/cooling-load-calculator-architecture,0,7,0%,8.29
https://www.productivetoolbox.com/tools/land/loan-interest-calculator-property,0,7,0%,24.43
https://www.productivetoolbox.com/tools/calculator/profit-margin-calculator,0,7,0%,40.14
https://www.productivetoolbox.com/terms,0,6,0%,4.33
https://www.productivetoolbox.com/tools/calculator/currency-format-previewer,0,6,0%,5
https://www.productivetoolbox.com/tools/design/css-clamp-generator,0,6,0%,8.33
https://productivetoolbox.com/tools/architecture/footing-size-calculator,0,6,0%,9
https://www.productivetoolbox.com/tools/architecture/foundation-depth-calculator,0,6,0%,18.33
https://www.productivetoolbox.com/tools/marketing,0,6,0%,53.83
https://www.productivetoolbox.com/tools/design/css-keyframe-animator,0,5,0%,6.8
https://www.productivetoolbox.com/tools/calculator/scientific-calculator,0,5,0%,8.8
https://www.productivetoolbox.com/tools/calculator/fraction-calculator,0,5,0%,9
https://www.productivetoolbox.com/tools/architecture/cement-calculator,0,5,0%,9.2
https://www.productivetoolbox.com/tools/developer/base64-encoder-decoder,0,5,0%,40.4
https://www.productivetoolbox.com/tools/mechanical,0,5,0%,42.4
https://www.productivetoolbox.com/tools/computer-science/ip-range-calculator?ip=192.168.1.10&cidr=24,0,5,0%,91.4
https://www.productivetoolbox.com/tools/design/css-animation-previewer,0,4,0%,6.25
https://productivetoolbox.com/tools/architecture/room-area-calculator,0,4,0%,9
https://productivetoolbox.com/tools/architecture/floor-finish-calculator,0,4,0%,10
https://www.productivetoolbox.com/tools/calculator/loan-emi-calculator,0,4,0%,13
https://www.productivetoolbox.com/tools/architecture/staircase-calculator,0,4,0%,29.5
https://www.productivetoolbox.com/tools/calculator/simple-interest-calculator,0,4,0%,37.5
https://productivetoolbox.com/tools/architecture/electrical-load-calculator-building,0,4,0%,41
https://productivetoolbox.com/tools/writing/sentence-case-converter,0,4,0%,52.75
https://www.productivetoolbox.com/tools/writing/text-to-slug-converter,0,3,0%,7
https://www.productivetoolbox.com/tools/developer/base32-encoder,0,3,0%,9
https://www.productivetoolbox.com/tools/calculator/temperature-conversion-scientific,0,3,0%,25
https://www.productivetoolbox.com/tools/calculator/age-calculator,0,2,0%,2
https://www.productivetoolbox.com/tools/writing/bionic-reading-converter,0,2,0%,3
https://www.productivetoolbox.com/tools/design/css-gradient-generator,0,2,0%,3.5
https://www.productivetoolbox.com/tools/multimedia,0,2,0%,6
https://www.productivetoolbox.com/tools/design/px-to-rem-converter,0,2,0%,7
https://www.productivetoolbox.com/tools/calculator/timestamp-unix-converter,0,2,0%,8
https://www.productivetoolbox.com/tools/writing/html-entity-encoder,0,2,0%,8.5
https://www.productivetoolbox.com/tools/architecture/roof-pitch-calculator,0,2,0%,9.5
https://www.productivetoolbox.com/tools/writing/text-diff-checker,0,2,0%,10
https://productivetoolbox.com/tools/architecture/hvac-load-calculator,0,2,0%,16
https://www.productivetoolbox.com/tools/developer/http-status-code-lookup,0,2,0%,17
https://www.productivetoolbox.com/tools/calculator/percentage-calculator,0,1,0%,3
https://www.productivetoolbox.com/tools/architecture/concrete-volume-calculator,0,1,0%,8
https://www.productivetoolbox.com/tools/architecture/slab-concrete-calculator,0,1,0%,9
https://www.productivetoolbox.com/tools/multimedia/audio-visualizer,0,1,0%,9
https://www.productivetoolbox.com/tools/utility/timer-stopwatch,0,1,0%,9
https://www.productivetoolbox.com/tools/writing/table-to-markdown,0,1,0%,10
https://www.productivetoolbox.com/tools/developer/json-formatter,0,1,0%,45
https://www.productivetoolbox.com/tools/architecture/beam-load-calculator,0,1,0%,57
https://www.productivetoolbox.com/tools/calculator/compound-interest-calculator,0,1,0%,71
https://www.productivetoolbox.com/tools/writing/find-and-replace,0,1,0%,75